{"loss": [0.011121443472802639, 0.0008702207705937326, 0.0006752960034646094, 0.0005424059927463531, 0.0004944379907101393, 0.0004497955087572336, 0.0004211791674606502, 0.0004063831875100732, 0.000373454560758546, 0.00036758085479959846], "nd_unet_crossentropy": [0.03137274459004402, 0.0029987934976816177, 0.0023333115968853235, 0.0018862413708120584, 0.0017284754430875182, 0.0015813661739230156, 0.0014829302672296762, 0.0014339108020067215, 0.0013275679666548967, 0.0013068793341517448], "val_loss": [0.001095398562029004, 0.0007309562643058598, 0.0006175588932819664, 0.0004754268447868526, 0.00046090877731330693, 0.0004183925630059093, 0.00040706543950363994, 0.00039785451372154057, 0.0003641772782430053, 0.0003447976487223059], "val_nd_unet_crossentropy": [0.0043250154703855515, 0.002275798236951232, 0.002123282989487052, 0.0015668683918192983, 0.001759725040756166, 0.0016916393069550395, 0.0013162973336875439, 0.001674875384196639, 0.0013087618863210082, 0.001314584631472826]}