{"loss": [0.008060228079557419, 0.0004703933955170214, 0.00035590739571489394, 0.000305200315779075, 0.0002888863382395357, 0.00026246291236020625, 0.0002471182669978589, 0.00023968644381966442, 0.00023392270668409765, 0.00022413532133214176], "nd_unet_crossentropy": [0.023319147527217865, 0.0015810144832357764, 0.001210904330946505, 0.001044958713464439, 0.000993823749013245, 0.0009087075013667345, 0.0008574260864406824, 0.0008337385952472687, 0.0008170612272806466, 0.0007818493177182972], "val_loss": [0.0005979367415420711, 0.00038524356205016375, 0.00033429713221266866, 0.00030024495208635926, 0.00026226663612760603, 0.0002512294740881771, 0.00024631552514620125, 0.00023576556122861803, 0.0002309298433829099, 0.00022954439918976277], "val_nd_unet_crossentropy": [0.0021381585393100977, 0.0013110521249473095, 0.000927397224586457, 0.0007402133196592331, 0.0009828080656006932, 0.000762106035836041, 0.0010005743242800236, 0.0009519883315078914, 0.0007638639654032886, 0.0007201197440735996]}