{"loss": [0.14818055927753448, 0.12346953898668289, 0.1179700568318367, 0.11540694534778595, 0.11300727725028992, 0.11158619076013565, 0.11098307371139526, 0.11044544726610184, 0.10938126593828201, 0.10844557732343674, 0.10785846412181854, 0.10694840550422668, 0.1073695495724678, 0.10690655559301376, 0.10624407976865768, 0.10550901293754578, 0.1057010069489479, 0.10522370040416718, 0.10534381866455078, 0.10484912246465683, 0.10460366308689117, 0.10406667739152908, 0.1043638214468956, 0.10427060723304749], "mae": [0.14818055927753448, 0.12346953898668289, 0.1179700568318367, 0.11540694534778595, 0.11300727725028992, 0.11158619076013565, 0.11098307371139526, 0.11044544726610184, 0.10938126593828201, 0.10844557732343674, 0.10785846412181854, 0.10694840550422668, 0.1073695495724678, 0.10690655559301376, 0.10624407976865768, 0.10550901293754578, 0.1057010069489479, 0.10522370040416718, 0.10534381866455078, 0.10484912246465683, 0.10460366308689117, 0.10406667739152908, 0.1043638214468956, 0.10427060723304749], "val_loss": [0.12844343483448029, 0.12059900164604187, 0.11732286959886551, 0.11560002714395523, 0.11329849809408188, 0.11403661966323853, 0.11229557543992996, 0.11203326284885406, 0.1131775975227356, 0.11067663878202438, 0.1094176396727562, 0.10922424495220184, 0.1099405437707901, 0.10966867953538895, 0.1076388955116272, 0.10713169723749161, 0.10691431909799576, 0.10746870934963226, 0.10629294067621231, 0.10666032880544662, 0.10757116973400116, 0.10736138373613358, 0.10635332018136978, 0.10685233026742935], "val_mae": [0.12844343483448029, 0.12059900164604187, 0.11732286959886551, 0.11560002714395523, 0.11329849809408188, 0.11403661966323853, 0.11229557543992996, 0.11203326284885406, 0.1131775975227356, 0.11067663878202438, 0.1094176396727562, 0.10922424495220184, 0.1099405437707901, 0.10966867953538895, 0.1076388955116272, 0.10713169723749161, 0.10691431909799576, 0.10746870934963226, 0.10629294067621231, 0.10666032880544662, 0.10757116973400116, 0.10736138373613358, 0.10635332018136978, 0.10685233026742935]}