{"loss": [1.3121782541275024, 0.9057506322860718, 0.8512204885482788, 0.8192149996757507, 0.8022109866142273, 0.7865639328956604, 0.7804820537567139, 0.7730459570884705, 0.7614378929138184, 0.7612583041191101, 0.7558358311653137, 0.7534604668617249, 0.7456388473510742, 0.7449100017547607, 0.7391934394836426, 0.735601544380188], "mae": [1.3121782541275024, 0.9057506322860718, 0.8512204885482788, 0.8192149996757507, 0.8022109866142273, 0.7865639328956604, 0.7804820537567139, 0.7730459570884705, 0.7614378929138184, 0.7612583041191101, 0.7558358311653137, 0.7534604668617249, 0.7456388473510742, 0.7449100017547607, 0.7391934394836426, 0.735601544380188], "val_loss": [0.8991175293922424, 0.8552108407020569, 0.7911090850830078, 0.8492756485939026, 0.765067994594574, 0.7892758846282959, 0.7711323499679565, 0.7834973335266113, 0.7585625052452087, 0.7559259533882141, 0.7351027131080627, 0.7451280355453491, 0.7391059398651123, 0.741631805896759, 0.7419186234474182, 0.7475399971008301], "val_mae": [0.8991175293922424, 0.8552108407020569, 0.7911090850830078, 0.8492756485939026, 0.765067994594574, 0.7892758846282959, 0.7711323499679565, 0.7834973335266113, 0.7585625052452087, 0.7559259533882141, 0.7351027131080627, 0.7451280355453491, 0.7391059398651123, 0.741631805896759, 0.7419186234474182, 0.7475399971008301]}