{"loss": [0.8911367654800415, 0.7204689979553223, 0.6814597845077515, 0.6420851945877075, 0.623912513256073, 0.6015944480895996, 0.5780676603317261, 0.5621318221092224, 0.5610842108726501, 0.5362246036529541, 0.5264061093330383, 0.5280839204788208, 0.5148521065711975, 0.5155327916145325, 0.5118554830551147, 0.5083372592926025, 0.49220505356788635, 0.49840840697288513, 0.4843553602695465, 0.47430503368377686, 0.48405537009239197, 0.4758155047893524, 0.4706585109233856, 0.4721604585647583, 0.46756476163864136], "categorical_accuracy": [0.6618958115577698, 0.7323902249336243, 0.7478549480438232, 0.7638842463493347, 0.7710364460945129, 0.7811233997344971, 0.7920600771903992, 0.7962231636047363, 0.7968445420265198, 0.8073257207870483, 0.809334933757782, 0.8090528845787048, 0.8184142708778381, 0.8169223070144653, 0.8144879937171936, 0.8164446949958801, 0.8238233327865601, 0.8208942413330078, 0.8250011801719666, 0.8294046521186829, 0.8258016705513, 0.8289190530776978, 0.8307163715362549, 0.8299659490585327, 0.8331362009048462], "val_loss": [0.657605767250061, 0.6263020038604736, 0.6131797432899475, 0.5579484105110168, 0.557023823261261, 0.5061947703361511, 0.5773470997810364, 0.5091434121131897, 0.4960325360298157, 0.47664231061935425, 0.5301834940910339, 0.5014018416404724, 0.506538450717926, 0.496963232755661, 0.44115546345710754, 0.48074066638946533, 0.4418819546699524, 0.4455888867378235, 0.5225961804389954, 0.41742369532585144, 0.4792672097682953, 0.4509750008583069, 0.4822976589202881, 0.4440895915031433, 0.4333956241607666], "val_categorical_accuracy": [0.7548480033874512, 0.7677388191223145, 0.7746127843856812, 0.7897791862487793, 0.7902112007141113, 0.8082360029220581, 0.7828963994979858, 0.8092756271362305, 0.8124164342880249, 0.8222548365592957, 0.8097231984138489, 0.83089679479599, 0.8231852054595947, 0.8164340257644653, 0.8349316120147705, 0.8301411867141724, 0.8381456136703491, 0.8344796299934387, 0.8181111812591553, 0.8473387956619263, 0.8272647857666016, 0.8320980072021484, 0.8262727856636047, 0.8364076018333435, 0.8444831967353821]}